step,epoch,loss,ce,dice,lr
20,1,3.31943,2.83005,0.97877,4.2000000000000004e-06
40,1,3.26814,2.77852,0.97922,8.2e-06
60,1,3.17246,2.68381,0.97731,1.22e-05
80,1,3.08401,2.59703,0.97397,1.62e-05
100,1,2.91926,2.43303,0.97245,2.02e-05
120,1,2.52205,2.04077,0.96255,2.42e-05
140,1,2.30475,1.82712,0.95527,2.8199999999999998e-05
160,1,2.13616,1.66239,0.94755,3.22e-05
180,1,1.85833,1.38915,0.93837,3.6200000000000006e-05
200,1,1.80741,1.34009,0.93463,4.02e-05
220,1,1.74481,1.2788,0.93204,4.4200000000000004e-05
240,1,1.49426,1.04481,0.8989,4.82e-05
260,1,1.35691,0.91353,0.88676,5.22e-05
280,1,1.16731,0.72909,0.87644,5.62e-05
300,1,1.23237,0.79396,0.87681,6e-05
320,1,0.94924,0.52994,0.8386,5.992325402916347e-05
340,1,0.93579,0.52093,0.82973,5.984650805832694e-05
360,1,0.96705,0.55446,0.82517,5.976976208749041e-05
380,1,0.86309,0.47179,0.7826,5.969301611665388e-05
400,1,0.78612,0.39428,0.78368,5.9616270145817344e-05
420,1,0.73464,0.3505,0.76828,5.953952417498081e-05
440,1,0.74768,0.37611,0.74314,5.946277820414429e-05
460,1,0.78568,0.41989,0.73159,5.938603223330775e-05
480,1,0.76951,0.40969,0.71965,5.9309286262471224e-05
500,1,0.70019,0.34046,0.71947,5.923254029163469e-05
520,1,0.65628,0.31361,0.68534,5.915579432079816e-05
540,1,0.551,0.20955,0.6829,5.907904834996163e-05
560,1,0.60658,0.28604,0.64108,5.90023023791251e-05
580,1,0.63811,0.3144,0.64742,5.8925556408288566e-05
600,1,0.67544,0.35483,0.64122,5.8848810437452035e-05
620,1,0.56934,0.26946,0.59976,5.87720644666155e-05
640,1,0.58989,0.27138,0.63702,5.869531849577898e-05
660,1,0.57897,0.26292,0.63208,5.861857252494244e-05
680,1,0.60065,0.30257,0.59616,5.854182655410591e-05
700,1,0.5874,0.26564,0.64351,5.8465080583269383e-05
720,1,0.68895,0.38181,0.61428,5.8388334612432845e-05
740,1,0.54191,0.24633,0.59115,5.831158864159632e-05
760,1,0.57902,0.28852,0.58099,5.823484267075979e-05
780,1,0.51026,0.25032,0.51988,5.815809669992325e-05
800,1,0.44368,0.18895,0.50947,5.8081350729086726e-05
820,1,0.50791,0.20888,0.59805,5.8004604758250194e-05
840,1,0.45541,0.19652,0.51778,5.7927858787413656e-05
860,1,0.43899,0.14816,0.58165,5.785111281657713e-05
880,1,0.54448,0.27692,0.53511,5.77743668457406e-05
900,1,0.70741,0.37433,0.66615,5.7697620874904074e-05
920,1,0.44121,0.17716,0.52809,5.7620874904067536e-05
940,1,0.57497,0.28676,0.57642,5.7544128933231005e-05
960,1,0.38644,0.13997,0.49295,5.746738296239448e-05
980,1,0.40446,0.13627,0.53639,5.739063699155794e-05
1000,1,0.56288,0.28824,0.54929,5.7313891020721417e-05
1020,1,0.74542,0.46519,0.56047,5.7237145049884885e-05
1040,1,0.50874,0.24269,0.53208,5.716039907904835e-05
1060,1,0.42287,0.16552,0.51469,5.708365310821182e-05
1080,1,0.54091,0.26414,0.55354,5.700690713737529e-05
1100,1,0.42516,0.1731,0.50412,5.693016116653876e-05
1120,1,0.49006,0.18661,0.6069,5.685341519570223e-05
1140,1,0.51795,0.24754,0.54081,5.6776669224865695e-05
1160,1,0.52346,0.28426,0.47841,5.6699923254029164e-05
1180,1,0.40244,0.18462,0.43565,5.662317728319263e-05
1200,1,0.39591,0.17224,0.44735,5.654643131235611e-05
1220,1,0.35859,0.13062,0.45593,5.646968534151957e-05
1240,1,0.62981,0.37488,0.50986,5.639293937068304e-05
1260,1,0.57602,0.27345,0.60515,5.631619339984651e-05
1280,1,0.81816,0.52326,0.58979,5.623944742900998e-05
1300,1,0.53275,0.23437,0.59675,5.616270145817345e-05
1320,1,0.37182,0.13368,0.47629,5.608595548733692e-05
1340,1,0.50839,0.26087,0.49503,5.6009209516500386e-05
1360,1,0.41387,0.19286,0.44204,5.5932463545663855e-05
1380,1,0.3819,0.12871,0.50638,5.585571757482732e-05
1400,1,0.46999,0.2289,0.48217,5.577897160399079e-05
1420,1,0.37267,0.12719,0.49096,5.570222563315426e-05
1440,1,0.48407,0.22908,0.50999,5.562547966231773e-05
1460,1,0.42734,0.18417,0.48634,5.55487336914812e-05
1480,1,0.43077,0.20969,0.44216,5.5471987720644665e-05
1500,1,0.46158,0.20369,0.5158,5.5395241749808134e-05
1520,1,0.31009,0.10873,0.40271,5.531849577897161e-05
1540,1,0.35512,0.13945,0.43134,5.524174980813507e-05
1560,1,0.49772,0.25202,0.49139,5.516500383729854e-05
1580,1,0.36154,0.13867,0.44573,5.5088257866462014e-05
1600,1,0.33785,0.11897,0.43777,5.5011511895625476e-05
1620,1,0.39678,0.14708,0.49941,5.493476592478895e-05
1640,1,0.58734,0.31216,0.55035,5.485801995395242e-05
1660,1,0.42517,0.2161,0.41815,5.478127398311589e-05
1680,1,0.389,0.16336,0.45127,5.4704528012279356e-05
1700,1,0.40507,0.16597,0.47821,5.4627782041442825e-05
1720,1,0.37612,0.16952,0.4132,5.45510360706063e-05
1740,1,0.51227,0.23973,0.54509,5.447429009976976e-05
1760,1,0.46005,0.23377,0.45256,5.439754412893323e-05
1780,1,0.45712,0.20362,0.507,5.4320798158096705e-05
1800,1,0.3307,0.14195,0.37749,5.424405218726017e-05
1820,1,0.45891,0.22556,0.46669,5.416730621642364e-05
1840,1,0.30038,0.09663,0.4075,5.409056024558711e-05
1860,1,0.46407,0.1774,0.57335,5.401381427475057e-05
1880,1,0.68739,0.40303,0.56871,5.393706830391405e-05
1900,1,0.41935,0.19009,0.45852,5.3860322333077516e-05
1920,1,0.3814,0.15991,0.44297,5.3783576362240984e-05
1940,1,0.39226,0.17954,0.42544,5.370683039140445e-05
1960,1,0.54598,0.34954,0.39289,5.363008442056792e-05
1980,1,0.39788,0.16809,0.45957,5.355333844973139e-05
2000,1,0.34964,0.14629,0.4067,5.347659247889486e-05
2020,1,0.43131,0.19328,0.47607,5.339984650805833e-05
2040,1,0.27853,0.09554,0.36599,5.33231005372218e-05
2060,1,0.28137,0.10295,0.35684,5.324635456638526e-05
2080,1,0.28279,0.10782,0.34994,5.316960859554874e-05
2100,1,0.43546,0.18268,0.50555,5.309286262471221e-05
2120,1,0.4107,0.16986,0.48167,5.301611665387567e-05
2140,1,0.34841,0.1432,0.41043,5.2939370683039144e-05
2160,1,0.65087,0.40738,0.48698,5.286262471220261e-05
2180,1,0.35754,0.11087,0.49334,5.2785878741366074e-05
2200,1,0.36114,0.14427,0.43373,5.270913277052955e-05
2220,1,0.3275,0.12196,0.41108,5.263238679969302e-05
2240,1,0.33779,0.1599,0.35577,5.2555640828856486e-05
2260,1,0.37815,0.19734,0.36163,5.2478894858019954e-05
2280,1,0.33622,0.13807,0.39631,5.240214888718342e-05
2300,1,0.46039,0.22506,0.47065,5.232540291634689e-05
2320,1,0.37116,0.1707,0.40091,5.224865694551036e-05
2340,1,0.37004,0.1149,0.51028,5.2171910974673835e-05
2360,1,0.32752,0.15143,0.35218,5.2095165003837296e-05
2380,1,0.39224,0.19882,0.38682,5.2018419033000765e-05
2400,1,0.32587,0.10553,0.44067,5.194167306216424e-05
2420,1,0.49949,0.25582,0.48734,5.186492709132771e-05
2440,1,0.34429,0.14546,0.39767,5.178818112049118e-05
2460,1,0.25462,0.08612,0.33699,5.1711435149654645e-05
2480,1,0.38551,0.17795,0.41512,5.1634689178818114e-05
2500,1,0.47983,0.19243,0.5748,5.155794320798158e-05
2520,1,0.42068,0.2045,0.43235,5.148119723714505e-05
2540,1,0.29748,0.13571,0.32353,5.1404451266308526e-05
2560,1,0.38688,0.1485,0.47676,5.132770529547199e-05
2580,1,0.32933,0.10954,0.43958,5.1250959324635456e-05
2600,1,0.30263,0.11115,0.38297,5.117421335379893e-05
2620,1,0.48058,0.24732,0.46652,5.109746738296239e-05
2640,1,0.57652,0.28728,0.57847,5.102072141212587e-05
2660,1,0.30457,0.11319,0.38276,5.0943975441289336e-05
2680,1,0.34643,0.11503,0.4628,5.08672294704528e-05
2700,1,0.72941,0.43351,0.59181,5.079048349961627e-05
2720,1,0.32756,0.11675,0.42162,5.071373752877974e-05
2740,1,0.30282,0.11654,0.37256,5.063699155794321e-05
2760,1,0.34586,0.13943,0.41286,5.056024558710668e-05
2780,1,0.38044,0.19027,0.38035,5.0483499616270147e-05
2800,1,0.39927,0.17175,0.45505,5.0406753645433615e-05
2820,1,0.36845,0.17675,0.38342,5.0330007674597083e-05
2840,1,0.31887,0.13571,0.36633,5.025326170376056e-05
2860,1,0.35362,0.13737,0.4325,5.017651573292403e-05
2880,1,0.4211,0.18173,0.47873,5.009976976208749e-05
2900,1,0.43476,0.2206,0.42832,5.002302379125096e-05
2920,1,0.39757,0.14293,0.50927,4.994627782041443e-05
2940,1,0.35175,0.15238,0.39874,4.9869531849577894e-05
2960,1,0.3303,0.13692,0.38675,4.979278587874137e-05
2980,1,0.30814,0.10858,0.3991,4.971603990790484e-05
3000,1,0.52391,0.26635,0.51513,4.96392939370683e-05
3020,1,0.35031,0.13125,0.43812,4.9562547966231774e-05
3040,1,0.38254,0.17451,0.41605,4.948580199539524e-05
3060,1,0.33099,0.13273,0.39653,4.940905602455871e-05
3080,1,0.35348,0.13086,0.44524,4.933231005372218e-05
3100,1,0.53526,0.30065,0.46923,4.925556408288565e-05
3120,1,0.5213,0.30435,0.43391,4.9178818112049117e-05
3140,1,0.42006,0.22014,0.39983,4.9102072141212585e-05
3160,1,0.4183,0.23112,0.37435,4.902532617037606e-05
3180,1,0.26154,0.11448,0.29412,4.894858019953953e-05
3200,1,0.3134,0.10584,0.41512,4.887183422870299e-05
3220,1,0.46842,0.25446,0.42793,4.8795088257866465e-05
3240,1,0.5834,0.38318,0.40042,4.8718342287029934e-05
3260,1,0.43014,0.2101,0.44007,4.86415963161934e-05
3280,1,0.38739,0.18117,0.41243,4.856485034535687e-05
3300,1,0.35224,0.15184,0.4008,4.848810437452034e-05
3320,1,0.49057,0.25106,0.47901,4.841135840368381e-05
3340,1,0.25244,0.09672,0.31145,4.8334612432847276e-05
3360,1,0.3023,0.13398,0.33665,4.825786646201075e-05
3380,1,0.41377,0.17426,0.47902,4.818112049117421e-05
3400,1,0.45153,0.2406,0.42187,4.810437452033768e-05
3420,1,0.4345,0.20284,0.46332,4.8027628549501156e-05
3440,1,0.32574,0.13871,0.37406,4.795088257866462e-05
3460,1,0.37239,0.18038,0.38402,4.787413660782809e-05
3480,1,0.47765,0.22911,0.49708,4.779739063699156e-05
3500,1,0.32213,0.11646,0.41133,4.772064466615502e-05
3520,1,0.45757,0.25334,0.40847,4.764389869531849e-05
3540,1,0.37508,0.20017,0.34981,4.756715272448197e-05
3560,1,0.35302,0.13603,0.43397,4.749040675364544e-05
3580,1,0.37802,0.18202,0.39199,4.7413660782808904e-05
3600,1,0.3696,0.12615,0.4869,4.733691481197237e-05
3620,1,0.35563,0.13236,0.44655,4.726016884113584e-05
3640,1,0.45142,0.2317,0.43943,4.718342287029931e-05
3660,1,0.34495,0.12245,0.445,4.710667689946278e-05
3680,1,0.36197,0.14714,0.42966,4.702993092862625e-05
3700,1,0.30748,0.13074,0.35348,4.6953184957789714e-05
3720,1,0.2336,0.09882,0.26955,4.687643898695318e-05
3740,1,0.60136,0.3692,0.46433,4.679969301611666e-05
3760,1,0.39706,0.19026,0.41361,4.672294704528012e-05
3780,1,0.38858,0.17899,0.41917,4.6646201074443595e-05
3800,1,0.31823,0.12802,0.38042,4.656945510360706e-05
3820,1,0.26248,0.098,0.32896,4.6492709132770525e-05
3840,1,0.28667,0.15709,0.25914,4.6415963161934e-05
3860,1,0.28366,0.08151,0.40429,4.633921719109747e-05
3880,1,0.32566,0.1311,0.38912,4.626247122026094e-05
3900,1,0.28088,0.09517,0.37144,4.6185725249424405e-05
3920,1,0.3302,0.11382,0.43276,4.6108979278587874e-05
3940,1,0.47117,0.27879,0.38476,4.603223330775135e-05
3960,1,0.38463,0.17077,0.4277,4.595548733691481e-05
3980,1,0.39892,0.17278,0.45229,4.5878741366078286e-05
4000,2,0.34038,0.15462,0.37153,4.5801995395241754e-05
4020,2,0.53454,0.31379,0.4415,4.5725249424405216e-05
4040,2,0.30972,0.12828,0.36288,4.564850345356869e-05
4060,2,0.29119,0.10724,0.3679,4.557175748273216e-05
4080,2,0.4154,0.2024,0.426,4.549501151189563e-05
4100,2,0.47571,0.27383,0.40376,4.5418265541059096e-05
4120,2,0.31465,0.16024,0.30882,4.5341519570222565e-05
4140,2,0.36233,0.18926,0.34616,4.526477359938603e-05
4160,2,0.4684,0.26494,0.40692,4.51880276285495e-05
4180,2,0.29294,0.11935,0.34718,4.511128165771298e-05
4200,2,0.20081,0.07867,0.24427,4.503453568687644e-05
4220,2,0.31728,0.12915,0.37626,4.495778971603991e-05
4240,2,0.4693,0.27471,0.38919,4.4881043745203375e-05
4260,2,0.24609,0.10515,0.28188,4.4804297774366844e-05
4280,2,0.41208,0.18773,0.4487,4.472755180353032e-05
4300,2,0.21254,0.08939,0.2463,4.465080583269379e-05
4320,2,0.42771,0.22257,0.41029,4.4574059861857256e-05
4340,2,0.32637,0.11228,0.42819,4.449731389102072e-05
4360,2,0.39158,0.22043,0.34231,4.442056792018419e-05
4380,2,0.29645,0.11277,0.36737,4.434382194934767e-05
4400,2,0.30931,0.13584,0.34694,4.426707597851113e-05
4420,2,0.41185,0.26836,0.28697,4.41903300076746e-05
4440,2,0.3055,0.09977,0.41146,4.4113584036838066e-05
4460,2,0.32972,0.14844,0.36257,4.4036838066001535e-05
4480,2,0.36929,0.19786,0.34286,4.396009209516501e-05
4500,2,0.32634,0.11816,0.41636,4.388334612432848e-05
4520,2,0.31814,0.11664,0.40301,4.380660015349194e-05
4540,2,0.32838,0.17074,0.31529,4.372985418265541e-05
4560,2,0.3768,0.19379,0.36602,4.3653108211818883e-05
4580,2,0.23014,0.10402,0.25225,4.3576362240982345e-05
4600,2,0.5652,0.3692,0.39199,4.349961627014582e-05
4620,2,0.29754,0.12664,0.34179,4.342287029930929e-05
4640,2,0.21583,0.08241,0.26686,4.334612432847276e-05
4660,2,0.28011,0.10625,0.34772,4.3269378357636226e-05
4680,2,0.23662,0.11056,0.25214,4.3192632386799694e-05
4700,2,0.37438,0.16844,0.41188,4.311588641596317e-05
4720,2,0.29517,0.12238,0.34559,4.303914044512663e-05
4740,2,0.29308,0.11778,0.35061,4.29623944742901e-05
4760,2,0.34286,0.15313,0.37947,4.288564850345357e-05
4780,2,0.30649,0.11306,0.38686,4.2808902532617036e-05
4800,2,0.52498,0.31289,0.42418,4.273215656178051e-05
4820,2,0.47582,0.21233,0.52699,4.265541059094398e-05
4840,2,0.44726,0.24114,0.41224,4.257866462010744e-05
4860,2,0.52064,0.29242,0.45644,4.250191864927091e-05
4880,2,0.30527,0.15417,0.3022,4.2425172678434385e-05
4900,2,0.28247,0.09449,0.37595,4.234842670759785e-05
4920,2,0.43303,0.22008,0.42588,4.227168073676132e-05
4940,2,0.26212,0.09885,0.32653,4.219493476592479e-05
4960,2,0.22831,0.08702,0.28259,4.211818879508825e-05
4980,2,0.31296,0.16281,0.3003,4.204144282425173e-05
5000,2,0.49282,0.28269,0.42025,4.19646968534152e-05
5020,2,0.38497,0.16542,0.43911,4.1887950882578664e-05
5040,2,0.33724,0.17722,0.32005,4.181120491174213e-05
5060,2,0.29156,0.0998,0.38352,4.17344589409056e-05
5080,2,0.46131,0.27364,0.37534,4.1657712970069076e-05
5100,2,0.30039,0.10219,0.39641,4.1580966999232544e-05
5120,2,0.35796,0.15641,0.40311,4.150422102839601e-05
5140,2,0.55304,0.37335,0.35939,4.142747505755948e-05
5160,2,0.2255,0.07022,0.31056,4.135072908672294e-05
5180,2,0.36952,0.18286,0.37333,4.127398311588642e-05
5200,2,0.32532,0.1546,0.34144,4.119723714504989e-05
5220,2,0.37384,0.19081,0.36607,4.1120491174213355e-05
5240,2,0.26902,0.09566,0.34671,4.104374520337682e-05
5260,2,0.28681,0.12644,0.32074,4.096699923254029e-05
5280,2,0.40086,0.23868,0.32435,4.089025326170376e-05
5300,2,0.25967,0.07778,0.36378,4.081350729086723e-05
5320,2,0.34429,0.16246,0.36367,4.0736761320030704e-05
5340,2,0.21058,0.08,0.26117,4.0660015349194165e-05
5360,2,0.58734,0.41278,0.34914,4.0583269378357634e-05
5380,2,0.3032,0.12747,0.35147,4.050652340752111e-05
5400,2,0.35003,0.17884,0.3424,4.042977743668458e-05
5420,2,0.32977,0.15762,0.34431,4.0353031465848046e-05
5440,2,0.43329,0.2823,0.30198,4.0276285495011514e-05
5460,2,0.32137,0.13244,0.37786,4.019953952417498e-05
5480,2,0.31018,0.15076,0.31884,4.0122793553338444e-05
5500,2,0.37001,0.15575,0.42852,4.004604758250192e-05
5520,2,0.31728,0.14656,0.34142,3.9969301611665395e-05
5540,2,0.22296,0.10081,0.24429,3.9892555640828856e-05
5560,2,0.3958,0.19807,0.39547,3.9815809669992325e-05
5580,2,0.27712,0.10341,0.34744,3.973906369915579e-05
5600,2,0.43799,0.20242,0.47114,3.966231772831926e-05
5620,2,0.29805,0.12386,0.34838,3.958557175748274e-05
5640,2,0.28205,0.1277,0.3087,3.9508825786646205e-05
5660,2,0.30477,0.11713,0.37527,3.943207981580967e-05
5680,2,0.29712,0.14587,0.30251,3.9355333844973135e-05
5700,2,0.33519,0.14325,0.38388,3.927858787413661e-05
5720,2,0.25519,0.09629,0.31781,3.920184190330008e-05
5740,2,0.3123,0.11869,0.38722,3.912509593246355e-05
5760,2,0.25919,0.10008,0.31822,3.9048349961627016e-05
5780,2,0.35026,0.1796,0.34132,3.8971603990790484e-05
5800,2,0.20488,0.11407,0.18163,3.889485801995395e-05
5820,2,0.22783,0.09127,0.27313,3.881811204911743e-05
5840,2,0.36687,0.19329,0.34717,3.8741366078280896e-05
5860,2,0.36093,0.16535,0.39116,3.866462010744436e-05
5880,2,0.2208,0.0893,0.26301,3.8587874136607826e-05
5900,2,0.27518,0.0895,0.37134,3.85111281657713e-05
5920,2,0.33516,0.17157,0.32717,3.843438219493477e-05
5940,2,0.28795,0.10098,0.37393,3.835763622409824e-05
5960,2,0.32367,0.12565,0.39604,3.828089025326171e-05
5980,2,0.41891,0.23212,0.37357,3.820414428242517e-05
6000,2,0.31063,0.14591,0.32943,3.8127398311588644e-05
6020,2,0.24702,0.11054,0.27295,3.805065234075211e-05
6040,2,0.5501,0.339,0.4222,3.797390636991558e-05
6060,2,0.21352,0.09188,0.24328,3.789716039907905e-05
6080,2,0.23407,0.09031,0.28753,3.782041442824252e-05
6100,2,0.26619,0.1029,0.32659,3.7743668457405986e-05
6120,2,0.39017,0.23476,0.31081,3.7666922486569454e-05
6140,2,0.28176,0.1252,0.31312,3.759017651573293e-05
6160,2,0.30069,0.12033,0.36073,3.75134305448964e-05
6180,2,0.22677,0.08355,0.28643,3.743668457405986e-05
6200,2,0.21771,0.06035,0.31472,3.735993860322333e-05
6220,2,0.26166,0.10168,0.31994,3.72831926323868e-05
6240,2,0.33077,0.15953,0.34248,3.720644666155027e-05
6260,2,0.32043,0.14014,0.36059,3.712970069071374e-05
6280,2,0.37952,0.18405,0.39095,3.705295471987721e-05
6300,2,0.42512,0.26001,0.33023,3.697620874904067e-05
6320,2,0.32035,0.16537,0.30996,3.6899462778204145e-05
6340,2,0.21049,0.0853,0.25038,3.682271680736762e-05
6360,2,0.27784,0.12918,0.29731,3.674597083653108e-05
6380,2,0.26261,0.12863,0.26794,3.666922486569455e-05
6400,2,0.2521,0.07947,0.34527,3.659247889485802e-05
6420,2,0.30848,0.14233,0.3323,3.651573292402149e-05
6440,2,0.33397,0.16501,0.33793,3.643898695318496e-05
6460,2,0.33738,0.15704,0.36067,3.636224098234843e-05
6480,2,0.22826,0.07122,0.31407,3.628549501151189e-05
6500,2,0.21707,0.08304,0.26807,3.620874904067536e-05
6520,2,0.30744,0.13199,0.35091,3.6132003069838836e-05
6540,2,0.53939,0.326,0.42678,3.6055257099002304e-05
6560,2,0.35453,0.17268,0.3637,3.597851112816577e-05
6580,2,0.36297,0.16676,0.39241,3.590176515732924e-05
6600,2,0.39965,0.21482,0.36966,3.582501918649271e-05
6620,2,0.44999,0.27103,0.35793,3.574827321565618e-05
6640,2,0.5751,0.36166,0.42687,3.567152724481965e-05
6660,2,0.29308,0.11139,0.36337,3.559478127398312e-05
6680,2,0.18801,0.06624,0.24353,3.5518035303146583e-05
6700,2,0.71047,0.48745,0.44605,3.544128933231005e-05
6720,2,0.16912,0.06506,0.20812,3.536454336147353e-05
6740,2,0.3247,0.13109,0.38721,3.528779739063699e-05
6760,2,0.24731,0.10986,0.27489,3.5211051419800464e-05
6780,2,0.56074,0.37744,0.36661,3.513430544896393e-05
6800,2,0.39055,0.22483,0.33145,3.5057559478127394e-05
6820,2,0.21631,0.08257,0.26749,3.498081350729087e-05
6840,2,0.21548,0.08423,0.26249,3.490406753645434e-05
6860,2,0.61242,0.42697,0.37089,3.4827321565617806e-05
6880,2,0.27733,0.1288,0.29706,3.4750575594781274e-05
6900,2,0.2684,0.11827,0.30026,3.467382962394474e-05
6920,2,0.29519,0.14468,0.30103,3.459708365310821e-05
6940,2,0.29427,0.09834,0.39187,3.452033768227168e-05
6960,2,0.34363,0.14761,0.39206,3.4443591711435155e-05
6980,2,0.27323,0.12498,0.29651,3.436684574059862e-05
7000,2,0.22581,0.09242,0.26678,3.4290099769762085e-05
7020,2,0.20565,0.08336,0.24458,3.421335379892555e-05
7040,2,0.34762,0.16832,0.35861,3.413660782808903e-05
7060,2,0.30599,0.12503,0.36193,3.40598618572525e-05
7080,2,0.20519,0.09225,0.22587,3.3983115886415965e-05
7100,2,0.27448,0.12636,0.29624,3.3906369915579434e-05
7120,2,0.43183,0.25289,0.35787,3.3829623944742895e-05
7140,2,0.3883,0.17774,0.42113,3.375287797390637e-05
7160,2,0.30584,0.14053,0.33062,3.3676132003069846e-05
7180,2,0.39649,0.17965,0.43369,3.359938603223331e-05
7200,2,0.48939,0.28708,0.40462,3.3522640061396776e-05
7220,2,0.31689,0.16269,0.30842,3.3445894090560244e-05
7240,2,0.40082,0.19271,0.41623,3.336914811972371e-05
7260,2,0.21115,0.10484,0.21263,3.329240214888719e-05
7280,2,0.39735,0.19046,0.41377,3.3215656178050656e-05
7300,2,0.23138,0.08614,0.29048,3.3138910207214125e-05
7320,2,0.28503,0.11395,0.34217,3.3062164236377586e-05
7340,2,0.31946,0.10957,0.41978,3.298541826554106e-05
7360,2,0.29647,0.09275,0.40744,3.290867229470454e-05
7380,2,0.22684,0.09382,0.26604,3.2831926323868e-05
7400,2,0.42171,0.22153,0.40038,3.275518035303147e-05
7420,2,0.25738,0.09895,0.31685,3.2678434382194935e-05
7440,2,0.24193,0.10253,0.2788,3.2601688411358404e-05
7460,2,0.22088,0.09734,0.24707,3.252494244052187e-05
7480,2,0.3558,0.17143,0.36873,3.244819646968535e-05
7500,2,0.25118,0.08595,0.33046,3.237145049884881e-05
7520,2,0.37747,0.19176,0.37143,3.229470452801228e-05
7540,2,0.43096,0.27734,0.30725,3.221795855717575e-05
7560,2,0.35842,0.1447,0.42743,3.2141212586339214e-05
7580,2,0.30163,0.16108,0.28109,3.206446661550269e-05
7600,2,0.28481,0.13397,0.30168,3.198772064466616e-05
7620,2,0.28435,0.13286,0.30299,3.191097467382962e-05
7640,2,0.19344,0.0745,0.23789,3.183422870299309e-05
7660,2,0.40854,0.20314,0.4108,3.175748273215656e-05
7680,2,0.60438,0.40086,0.40704,3.168073676132004e-05
7700,2,0.35346,0.16961,0.3677,3.16039907904835e-05
7720,2,0.28309,0.10932,0.34754,3.152724481964697e-05
7740,2,0.25726,0.11408,0.28635,3.145049884881044e-05
7760,2,0.30567,0.15184,0.30767,3.1373752877973905e-05
7780,2,0.22881,0.09107,0.27548,3.129700690713738e-05
7800,2,0.26203,0.10705,0.30998,3.122026093630085e-05
7820,2,0.35388,0.19635,0.31505,3.114351496546431e-05
7840,2,0.23592,0.06686,0.33811,3.106676899462778e-05
7860,2,0.3124,0.16144,0.30191,3.0990023023791254e-05
7880,2,0.26726,0.08825,0.35803,3.091327705295472e-05
7900,2,0.32889,0.15539,0.34701,3.083653108211819e-05
7920,2,0.22813,0.08757,0.28111,3.075978511128166e-05
7940,2,0.17942,0.07311,0.21262,3.068303914044512e-05
7960,2,0.26897,0.10366,0.33062,3.0606293169608596e-05
7980,3,0.23844,0.10168,0.27351,3.052954719877207e-05
8000,3,0.22879,0.07398,0.30961,3.0452801227935536e-05
8020,3,0.22479,0.10955,0.23049,3.0376055257099e-05
8040,3,0.29928,0.12029,0.35797,3.029930928626247e-05
8060,3,0.27713,0.09915,0.35595,3.022256331542594e-05
8080,3,0.44844,0.23823,0.42042,3.0145817344589413e-05
8100,3,0.23158,0.09416,0.27485,3.0069071373752882e-05
8120,3,0.25496,0.10262,0.30467,2.9992325402916347e-05
8140,3,0.31595,0.13762,0.35667,2.9915579432079815e-05
8160,3,0.38874,0.17425,0.42899,2.9838833461243287e-05
8180,3,0.43441,0.23266,0.40349,2.9762087490406752e-05
8200,3,0.3643,0.16109,0.40642,2.9685341519570227e-05
8220,3,0.45571,0.264,0.38342,2.9608595548733692e-05
8240,3,0.26819,0.10414,0.3281,2.9531849577897157e-05
8260,3,0.28983,0.13396,0.31173,2.9455103607060633e-05
8280,3,0.27172,0.12058,0.30228,2.9378357636224098e-05
8300,3,0.2685,0.11306,0.31089,2.930161166538757e-05
8320,3,0.20457,0.07838,0.25236,2.9224865694551038e-05
8340,3,0.42346,0.19862,0.44968,2.9148119723714503e-05
8360,3,0.29131,0.13905,0.30451,2.9071373752877978e-05
8380,3,0.26303,0.09926,0.32754,2.8994627782041443e-05
8400,3,0.39817,0.23771,0.32091,2.8917881811204908e-05
8420,3,0.38859,0.18629,0.40458,2.8841135840368383e-05
8440,3,0.19449,0.07627,0.23645,2.876438986953185e-05
8460,3,0.32896,0.15062,0.35667,2.868764389869532e-05
8480,3,0.19505,0.07454,0.24102,2.861089792785879e-05
8500,3,0.24022,0.06997,0.3405,2.8534151957022254e-05
8520,3,0.32213,0.16573,0.31279,2.845740598618573e-05
8540,3,0.55635,0.32654,0.45963,2.8380660015349194e-05
8560,3,0.49016,0.28401,0.41231,2.8303914044512666e-05
8580,3,0.23311,0.08334,0.29954,2.8227168073676134e-05
8600,3,0.21534,0.08226,0.26617,2.81504221028396e-05
8620,3,0.19281,0.0758,0.23401,2.807367613200307e-05
8640,3,0.19693,0.07608,0.2417,2.799693016116654e-05
8660,3,0.40388,0.19518,0.41739,2.792018419033001e-05
8680,3,0.32057,0.15909,0.32298,2.7843438219493476e-05
8700,3,0.2115,0.09969,0.22362,2.7766692248656945e-05
8720,3,0.29432,0.13697,0.3147,2.7689946277820416e-05
8740,3,0.40427,0.22604,0.35646,2.7613200306983885e-05
8760,3,0.35939,0.18051,0.35777,2.753645433614735e-05
8780,3,0.30006,0.12362,0.35289,2.7459708365310822e-05
8800,3,0.25456,0.09263,0.32385,2.738296239447429e-05
8820,3,0.31156,0.18495,0.25322,2.7306216423637762e-05
8840,3,0.24717,0.07646,0.34141,2.7229470452801227e-05
8860,3,0.16968,0.06265,0.21406,2.7152724481964695e-05
8880,3,0.3685,0.15654,0.42393,2.7075978511128167e-05
8900,3,0.21463,0.0988,0.23167,2.6999232540291636e-05
8920,3,0.25487,0.10666,0.29642,2.6922486569455107e-05
8940,3,0.37976,0.21616,0.32719,2.6845740598618572e-05
8960,3,0.37081,0.23691,0.2678,2.676899462778204e-05
8980,3,0.28909,0.1324,0.31338,2.6692248656945513e-05
9000,3,0.28082,0.11305,0.33554,2.6615502686108978e-05
9020,3,0.27755,0.11074,0.33363,2.6538756715272453e-05
9040,3,0.23939,0.09742,0.28395,2.6462010744435918e-05
9060,3,0.27218,0.13766,0.26905,2.6385264773599383e-05
9080,3,0.28697,0.12366,0.32663,2.6308518802762858e-05
9100,3,0.37686,0.16988,0.41395,2.6231772831926323e-05
9120,3,0.23194,0.10979,0.24429,2.615502686108979e-05
9140,3,0.18523,0.05622,0.25803,2.6078280890253263e-05
9160,3,0.30437,0.13452,0.33969,2.600153491941673e-05
9180,3,0.2383,0.1112,0.2542,2.5924788948580204e-05
9200,3,0.24435,0.13787,0.21295,2.584804297774367e-05
9220,3,0.48389,0.29431,0.37918,2.5771297006907134e-05
9240,3,0.27196,0.09875,0.34642,2.569455103607061e-05
9260,3,0.32382,0.17117,0.3053,2.5617805065234074e-05
9280,3,0.29859,0.12266,0.35187,2.554105909439755e-05
9300,3,0.31831,0.18613,0.26437,2.5464313123561014e-05
9320,3,0.18967,0.06502,0.2493,2.538756715272448e-05
9340,3,0.22159,0.1054,0.23239,2.5310821181887954e-05
9360,3,0.30627,0.16112,0.29029,2.523407521105142e-05
9380,3,0.30914,0.13568,0.34692,2.515732924021489e-05
9400,3,0.28003,0.17376,0.21255,2.508058326937836e-05
9420,3,0.20549,0.07346,0.26407,2.5003837298541825e-05
9440,3,0.33302,0.15746,0.35112,2.4927091327705297e-05
9460,3,0.44724,0.23324,0.42799,2.4850345356868765e-05
9480,3,0.38349,0.20994,0.3471,2.477359938603223e-05
9500,3,0.32301,0.18831,0.2694,2.4696853415195705e-05
9520,3,0.38831,0.17291,0.43081,2.462010744435917e-05
9540,3,0.24825,0.07109,0.35431,2.4543361473522642e-05
9560,3,0.21649,0.09602,0.24095,2.446661550268611e-05
9580,3,0.23587,0.09601,0.27971,2.4389869531849575e-05
9600,3,0.55674,0.35143,0.4106,2.4313123561013047e-05
9620,3,0.36961,0.17946,0.38028,2.4236377590176516e-05
9640,3,0.28737,0.13748,0.29979,2.4159631619339988e-05
9660,3,0.32544,0.18601,0.27887,2.4082885648503456e-05
9680,3,0.2083,0.06873,0.27914,2.400613967766692e-05
9700,3,0.2887,0.11432,0.34875,2.3929393706830393e-05
9720,3,0.2052,0.08123,0.24794,2.385264773599386e-05
9740,3,0.21263,0.09566,0.23393,2.3775901765157333e-05
9760,3,0.43073,0.26209,0.33727,2.3699155794320798e-05
9780,3,0.25345,0.1366,0.23369,2.3622409823484266e-05
9800,3,0.24482,0.07725,0.33514,2.3545663852647738e-05
9820,3,0.35531,0.21904,0.27254,2.3468917881811203e-05
9840,3,0.33369,0.1761,0.31519,2.3392171910974672e-05
9860,3,0.2695,0.13199,0.27503,2.3315425940138144e-05
9880,3,0.21658,0.07075,0.29167,2.3238679969301612e-05
9900,3,0.40056,0.22624,0.34865,2.3161933998465084e-05
9920,3,0.2323,0.07311,0.31838,2.308518802762855e-05
9940,3,0.26279,0.09339,0.33878,2.3008442056792017e-05
9960,3,0.3446,0.16845,0.35231,2.293169608595549e-05
9980,3,0.23413,0.10894,0.25039,2.2854950115118954e-05
10000,3,0.19271,0.08403,0.21737,2.277820414428243e-05
10020,3,0.24498,0.11444,0.26107,2.2701458173445894e-05
10040,3,0.26566,0.12022,0.29088,2.2624712202609363e-05
10060,3,0.31337,0.17995,0.26684,2.2547966231772835e-05
10080,3,0.20843,0.09638,0.22408,2.24712202609363e-05
10100,3,0.37329,0.20192,0.34273,2.2394474290099775e-05
10120,3,0.19984,0.07617,0.24734,2.231772831926324e-05
10140,3,0.23677,0.10148,0.27059,2.2240982348426705e-05
10160,3,0.3004,0.10583,0.38914,2.216423637759018e-05
10180,3,0.18897,0.05424,0.26947,2.2087490406753645e-05
10200,3,0.4486,0.24782,0.40154,2.201074443591711e-05
10220,3,0.40159,0.19763,0.40793,2.1933998465080585e-05
10240,3,0.19538,0.08877,0.21321,2.185725249424405e-05
10260,3,0.26096,0.12507,0.27179,2.1780506523407525e-05
10280,3,0.28554,0.15096,0.26917,2.170376055257099e-05
10300,3,0.24225,0.12086,0.24278,2.1627014581734456e-05
10320,3,0.23794,0.09512,0.28564,2.155026861089793e-05
10340,3,0.23585,0.10253,0.26664,2.1473522640061396e-05
10360,3,0.29822,0.14461,0.30723,2.1396776669224868e-05
10380,3,0.17492,0.0664,0.21705,2.1320030698388336e-05
10400,3,0.294,0.14815,0.29168,2.12432847275518e-05
10420,3,0.39902,0.20138,0.39529,2.1166538756715276e-05
10440,3,0.41908,0.21533,0.4075,2.108979278587874e-05
10460,3,0.20899,0.07081,0.27636,2.1013046815042213e-05
10480,3,0.17577,0.05711,0.23732,2.093630084420568e-05
10500,3,0.22204,0.07171,0.30065,2.0859554873369147e-05
10520,3,0.20967,0.06787,0.2836,2.078280890253262e-05
10540,3,0.2101,0.07507,0.27006,2.0706062931696087e-05
10560,3,0.3334,0.15151,0.3638,2.0629316960859552e-05
10580,3,0.23238,0.10154,0.26167,2.0552570990023024e-05
10600,3,0.23768,0.11375,0.24786,2.0475825019186492e-05
10620,3,0.30337,0.1429,0.32093,2.0399079048349964e-05
10640,3,0.19775,0.07018,0.25515,2.0322333077513432e-05
10660,3,0.22891,0.11356,0.2307,2.0245587106676897e-05
10680,3,0.30811,0.13982,0.33659,2.016884113584037e-05
10700,3,0.44853,0.2892,0.31866,2.0092095165003837e-05
10720,3,0.21802,0.06839,0.29927,2.001534919416731e-05
10740,3,0.28802,0.0942,0.38764,1.9938603223330774e-05
10760,3,0.24104,0.1057,0.27068,1.9861857252494243e-05
10780,3,0.38309,0.15365,0.45889,1.9785111281657715e-05
10800,3,0.17966,0.07198,0.21537,1.9708365310821183e-05
10820,3,0.22853,0.088,0.28108,1.9631619339984655e-05
10840,3,0.26888,0.11096,0.31586,1.955487336914812e-05
10860,3,0.41226,0.23294,0.35863,1.9478127398311588e-05
10880,3,0.21892,0.08339,0.27106,1.940138142747506e-05
10900,3,0.43841,0.26604,0.34474,1.9324635456638525e-05
10920,3,0.23745,0.08426,0.30639,1.9247889485801994e-05
10940,3,0.30379,0.14038,0.32682,1.9171143514965465e-05
10960,3,0.22061,0.0846,0.27202,1.909439754412893e-05
10980,3,0.5146,0.32689,0.37543,1.9017651573292406e-05
11000,3,0.2832,0.13563,0.29516,1.894090560245587e-05
11020,3,0.29682,0.15744,0.27876,1.886415963161934e-05
11040,3,0.20962,0.10443,0.21039,1.878741366078281e-05
11060,3,0.37467,0.20362,0.3421,1.8710667689946276e-05
11080,3,0.30418,0.14004,0.3283,1.863392171910975e-05
11100,3,0.2323,0.12662,0.21136,1.8557175748273216e-05
11120,3,0.53172,0.29854,0.46636,1.848042977743668e-05
11140,3,0.29644,0.10197,0.38894,1.8403683806600156e-05
11160,3,0.40251,0.22056,0.36391,1.832693783576362e-05
11180,3,0.33646,0.13781,0.3973,1.8250191864927097e-05
11200,3,0.31135,0.17574,0.27123,1.817344589409056e-05
11220,3,0.24505,0.10659,0.27691,1.8096699923254027e-05
11240,3,0.36853,0.16315,0.41078,1.8019953952417502e-05
11260,3,0.26705,0.10529,0.32353,1.7943207981580967e-05
11280,3,0.19285,0.08167,0.22237,1.7866462010744432e-05
11300,3,0.24278,0.09024,0.30509,1.7789716039907907e-05
11320,3,0.31178,0.1576,0.30836,1.7712970069071372e-05
11340,3,0.25499,0.0836,0.3428,1.7636224098234844e-05
11360,3,0.24463,0.11318,0.2629,1.7559478127398312e-05
11380,3,0.30764,0.19164,0.23199,1.7482732156561777e-05
11400,3,0.27166,0.11621,0.3109,1.7405986185725253e-05
11420,3,0.21023,0.09454,0.23138,1.7329240214888718e-05
11440,3,0.19279,0.07105,0.24348,1.725249424405219e-05
11460,3,0.57089,0.3075,0.52678,1.7175748273215658e-05
11480,3,0.34301,0.18722,0.31158,1.7099002302379123e-05
11500,3,0.36015,0.20013,0.32004,1.7022256331542595e-05
11520,3,0.3279,0.13565,0.3845,1.6945510360706063e-05
11540,3,0.34461,0.19352,0.30217,1.6868764389869535e-05
11560,3,0.19588,0.06569,0.26038,1.6792018419033003e-05
11580,3,0.30401,0.12938,0.34927,1.671527244819647e-05
11600,3,0.33586,0.17073,0.33025,1.663852647735994e-05
11620,3,0.15505,0.07322,0.16368,1.656178050652341e-05
11640,3,0.24638,0.11947,0.25382,1.6485034535686874e-05
11660,3,0.27864,0.14454,0.26821,1.6408288564850345e-05
11680,3,0.32099,0.17363,0.29472,1.6331542594013814e-05
11700,3,0.29741,0.1508,0.29323,1.6254796623177286e-05
11720,3,0.30536,0.13003,0.35067,1.617805065234075e-05
11740,3,0.2838,0.10805,0.35151,1.610130468150422e-05
11760,3,0.31829,0.15879,0.31902,1.602455871066769e-05
11780,3,0.21109,0.11617,0.18983,1.594781273983116e-05
11800,3,0.34506,0.20434,0.28143,1.587106676899463e-05
11820,3,0.3629,0.19375,0.33832,1.5794320798158096e-05
11840,3,0.29513,0.13611,0.31804,1.5717574827321565e-05
11860,3,0.21175,0.07061,0.28227,1.5640828856485036e-05
11880,3,0.19118,0.0667,0.24896,1.55640828856485e-05
11900,3,0.30165,0.15614,0.29103,1.5487336914811977e-05
11920,3,0.18111,0.07115,0.21992,1.541059094397544e-05
11940,3,0.23181,0.08661,0.2904,1.533384497313891e-05
11960,4,0.30884,0.12579,0.36612,1.5257099002302382e-05
11980,4,0.44457,0.25292,0.3833,1.5180353031465849e-05
12000,4,0.20635,0.07633,0.26004,1.5103607060629314e-05
12020,4,0.27816,0.13137,0.29358,1.5026861089792787e-05
12040,4,0.36147,0.2119,0.29914,1.4950115118956254e-05
12060,4,0.23225,0.10622,0.25206,1.4873369148119726e-05
12080,4,0.20195,0.07532,0.25324,1.4796623177283192e-05
12100,4,0.1496,0.06488,0.16944,1.4719877206446659e-05
12120,4,0.2087,0.09915,0.21911,1.4643131235610133e-05
12140,4,0.18698,0.09077,0.19242,1.4566385264773598e-05
12160,4,0.45048,0.28029,0.34038,1.4489639293937071e-05
12180,4,0.18239,0.08159,0.20161,1.4412893323100538e-05
12200,4,0.21921,0.09779,0.24283,1.4336147352264005e-05
12220,4,0.32128,0.16436,0.31385,1.4259401381427476e-05
12240,4,0.23536,0.05505,0.36062,1.4182655410590943e-05
12260,4,0.15821,0.0881,0.14024,1.4105909439754417e-05
12280,4,0.32514,0.16496,0.32034,1.4029163468917883e-05
12300,4,0.22425,0.11685,0.21479,1.3952417498081348e-05
12320,4,0.26872,0.13082,0.27581,1.3875671527244822e-05
12340,4,0.26464,0.13795,0.25338,1.3798925556408289e-05
12360,4,0.24681,0.10228,0.28907,1.3722179585571755e-05
12380,4,0.2765,0.12306,0.30689,1.3645433614735227e-05
12400,4,0.1882,0.09683,0.18274,1.3568687643898694e-05
12420,4,0.32393,0.15514,0.33759,1.3491941673062167e-05
12440,4,0.2482,0.11927,0.25786,1.3415195702225634e-05
12460,4,0.32843,0.22513,0.20659,1.3338449731389099e-05
12480,4,0.22254,0.10067,0.24373,1.3261703760552573e-05
12500,4,0.39351,0.25417,0.27867,1.318495778971604e-05
12520,4,0.27912,0.11694,0.32436,1.3108211818879511e-05
12540,4,0.18873,0.07669,0.22408,1.3031465848042978e-05
12560,4,0.33881,0.21144,0.25474,1.2954719877206445e-05
12580,4,0.2565,0.11233,0.28835,1.2877973906369918e-05
12600,4,0.17036,0.06478,0.21116,1.2801227935533383e-05
12620,4,0.25049,0.12438,0.25221,1.2724481964696857e-05
12640,4,0.17129,0.07242,0.19774,1.2647735993860323e-05
12660,4,0.21621,0.06514,0.30216,1.257099002302379e-05
12680,4,0.19596,0.08546,0.22099,1.2494244052187262e-05
12700,4,0.18679,0.07613,0.22133,1.2417498081350729e-05
12720,4,0.30061,0.13016,0.3409,1.2340752110514195e-05
12740,4,0.26534,0.11627,0.29813,1.2264006139677669e-05
12760,4,0.27801,0.12025,0.31553,1.2187260168841134e-05
12780,4,0.3258,0.16941,0.31279,1.2110514198004607e-05
12800,4,0.49766,0.29445,0.40642,1.2033768227168074e-05
12820,4,0.26198,0.09715,0.32967,1.1957022256331541e-05
12840,4,0.26288,0.13201,0.26174,1.1880276285495013e-05
12860,4,0.20216,0.07648,0.25136,1.180353031465848e-05
12880,4,0.25548,0.12055,0.26986,1.1726784343821953e-05
12900,4,0.20301,0.08879,0.22842,1.1650038372985418e-05
12920,4,0.24761,0.10238,0.29046,1.1573292402148885e-05
12940,4,0.23474,0.13651,0.19645,1.1496546431312358e-05
12960,4,0.44084,0.21073,0.46022,1.1419800460475825e-05
12980,4,0.24032,0.09484,0.29096,1.1343054489639297e-05
13000,4,0.36296,0.16061,0.4047,1.1266308518802763e-05
13020,4,0.29617,0.12587,0.34059,1.118956254796623e-05
13040,4,0.36192,0.17028,0.38329,1.1112816577129704e-05
13060,4,0.29073,0.1395,0.30248,1.1036070606293169e-05
13080,4,0.2274,0.09631,0.26218,1.0959324635456635e-05
13100,4,0.26353,0.11575,0.29557,1.0882578664620109e-05
13120,4,0.26898,0.12289,0.29218,1.0805832693783576e-05
13140,4,0.16993,0.05643,0.227,1.0729086722947047e-05
13160,4,0.25768,0.10571,0.30396,1.0652340752110514e-05
13180,4,0.18895,0.0912,0.19549,1.0575594781273981e-05
13200,4,0.27089,0.09113,0.35952,1.0498848810437454e-05
13220,4,0.25473,0.12985,0.24976,1.042210283960092e-05
13240,4,0.34699,0.21232,0.26934,1.0345356868764393e-05
13260,4,0.12092,0.06206,0.11772,1.026861089792786e-05
13280,4,0.29914,0.15075,0.29678,1.0191864927091326e-05
13300,4,0.16745,0.06287,0.20917,1.0115118956254798e-05
13320,4,0.17067,0.07783,0.18568,1.0038372985418265e-05
13340,4,0.24593,0.1022,0.28745,9.961627014581738e-06
13360,4,0.27984,0.1075,0.34467,9.884881043745203e-06
13380,4,0.27631,0.16248,0.22766,9.80813507290867e-06
13400,4,0.43769,0.2261,0.42318,9.731389102072144e-06
13420,4,0.22106,0.09636,0.24941,9.65464313123561e-06
13440,4,0.29255,0.15886,0.26739,9.577897160399075e-06
13460,4,0.50979,0.30854,0.4025,9.501151189562549e-06
13480,4,0.2339,0.08537,0.29706,9.424405218726016e-06
13500,4,0.27642,0.10016,0.35252,9.34765924788949e-06
13520,4,0.29396,0.17289,0.24215,9.270913277052954e-06
13540,4,0.20006,0.08533,0.22946,9.194167306216421e-06
13560,4,0.35526,0.18276,0.345,9.117421335379894e-06
13580,4,0.25963,0.08876,0.34174,9.040675364543361e-06
13600,4,0.28461,0.14385,0.28153,8.963929393706833e-06
13620,4,0.1788,0.08276,0.19209,8.8871834228703e-06
13640,4,0.2383,0.11316,0.25026,8.810437452033766e-06
13660,4,0.26207,0.13186,0.26041,8.733691481197238e-06
13680,4,0.16624,0.07691,0.17867,8.656945510360705e-06
13700,4,0.16374,0.07083,0.18582,8.580199539524178e-06
13720,4,0.13797,0.0536,0.16876,8.503453568687645e-06
13740,4,0.2747,0.10953,0.33034,8.42670759785111e-06
13760,4,0.24857,0.09063,0.31587,8.349961627014584e-06
13780,4,0.14174,0.05537,0.17275,8.27321565617805e-06
13800,4,0.324,0.16089,0.32623,8.196469685341517e-06
13820,4,0.19826,0.06574,0.26504,8.119723714504989e-06
13840,4,0.2877,0.12971,0.31599,8.042977743668456e-06
13860,4,0.2889,0.16778,0.24222,7.96623177283193e-06
13880,4,0.2501,0.07697,0.34625,7.889485801995396e-06
13900,4,0.32871,0.19056,0.27631,7.812739831158861e-06
13920,4,0.40944,0.21158,0.39571,7.735993860322334e-06
13940,4,0.30723,0.134,0.34647,7.659247889485801e-06
13960,4,0.20999,0.09919,0.2216,7.582501918649274e-06
13980,4,0.24518,0.09635,0.29766,7.5057559478127406e-06
14000,4,0.40596,0.231,0.34992,7.4290099769762064e-06
14020,4,0.23713,0.09773,0.27881,7.35226400613968e-06
14040,4,0.24007,0.10887,0.26241,7.275518035303146e-06
14060,4,0.31855,0.22,0.1971,7.1987720644666185e-06
14080,4,0.2668,0.15717,0.21925,7.122026093630085e-06
14100,4,0.31217,0.1756,0.27314,7.045280122793551e-06
14120,4,0.39026,0.17175,0.43702,6.968534151957025e-06
14140,4,0.22038,0.08263,0.2755,6.8917881811204905e-06
14160,4,0.20162,0.08373,0.23579,6.815042210283957e-06
14180,4,0.24448,0.1121,0.26476,6.73829623944743e-06
14200,4,0.35745,0.1865,0.3419,6.661550268610897e-06
14220,4,0.20605,0.07479,0.26252,6.584804297774369e-06
14240,4,0.21855,0.09085,0.2554,6.508058326937836e-06
14260,4,0.21538,0.09364,0.24347,6.431312356101302e-06
14280,4,0.15473,0.0501,0.20927,6.354566385264775e-06
14300,4,0.34284,0.18651,0.31267,6.277820414428241e-06
14320,4,0.21577,0.05707,0.31739,6.201074443591715e-06
14340,4,0.18432,0.08648,0.19568,6.124328472755181e-06
14360,4,0.25646,0.15174,0.20945,6.047582501918647e-06
14380,4,0.27197,0.13206,0.27981,5.97083653108212e-06
14400,4,0.2192,0.12265,0.1931,5.894090560245587e-06
14420,4,0.33988,0.2178,0.24416,5.817344589409059e-06
14440,4,0.28712,0.15854,0.25717,5.740598618572525e-06
14460,4,0.27234,0.1548,0.23509,5.663852647735992e-06
14480,4,0.44515,0.23755,0.41519,5.587106676899465e-06
14500,4,0.16934,0.09272,0.15325,5.510360706062931e-06
14520,4,0.22453,0.08105,0.28696,5.433614735226397e-06
14540,4,0.50593,0.31836,0.37514,5.356868764389871e-06
14560,4,0.20424,0.0787,0.25108,5.280122793553337e-06
14580,4,0.18962,0.07332,0.2326,5.20337682271681e-06
14600,4,0.26804,0.10193,0.33223,5.126630851880276e-06
14620,4,0.26449,0.07905,0.37089,5.049884881043743e-06
14640,4,0.28908,0.11319,0.35179,4.973138910207215e-06
14660,4,0.16668,0.06904,0.19529,4.896392939370682e-06
14680,4,0.26341,0.13527,0.25629,4.819646968534155e-06
14700,4,0.17998,0.08368,0.1926,4.7429009976976215e-06
14720,4,0.22468,0.06805,0.31326,4.666155026861087e-06
14740,4,0.2995,0.1187,0.36161,4.589409056024561e-06
14760,4,0.36716,0.22424,0.28585,4.512663085188027e-06
14780,4,0.47323,0.33752,0.27142,4.4359171143515e-06
14800,4,0.41096,0.22014,0.38165,4.359171143514966e-06
14820,4,0.20498,0.10997,0.19001,4.282425172678433e-06
14840,4,0.2601,0.12056,0.27907,4.2056792018419055e-06
14860,4,0.21568,0.08811,0.25514,4.128933231005371e-06
14880,4,0.20559,0.09334,0.2245,4.052187260168838e-06
14900,4,0.26577,0.13867,0.25422,3.975441289332311e-06
14920,4,0.19001,0.07372,0.23258,3.8986953184957775e-06
14940,4,0.16277,0.06559,0.19436,3.82194934765925e-06
14960,4,0.27803,0.13748,0.28109,3.745203376822717e-06
14980,4,0.28725,0.10376,0.36697,3.668457405986183e-06
15000,4,0.24665,0.09474,0.30381,3.5917114351496563e-06
15020,4,0.16439,0.06186,0.20506,3.5149654643131226e-06
15040,4,0.19309,0.07709,0.232,3.438219493476595e-06
15060,4,0.39296,0.23308,0.31976,3.3614735226400615e-06
15080,4,0.29896,0.13588,0.32616,3.284727551803528e-06
15100,4,0.16597,0.07298,0.18597,3.207981580967001e-06
15120,4,0.23825,0.09804,0.28041,3.131235610130467e-06
15140,4,0.17682,0.07063,0.21238,3.0544896392939403e-06
15160,4,0.28509,0.09578,0.37863,2.9777436684574066e-06
15180,4,0.2328,0.1174,0.2308,2.900997697620873e-06
15200,4,0.3576,0.16351,0.38817,2.824251726784346e-06
15220,4,0.18916,0.0703,0.23772,2.7475057559478123e-06
15240,4,0.35502,0.16258,0.38489,2.6707597851112786e-06
15260,4,0.18918,0.078,0.22235,2.5940138142747516e-06
15280,4,0.36141,0.18668,0.34948,2.517267843438218e-06
15300,4,0.26544,0.13165,0.26759,2.440521872601691e-06
15320,4,0.27375,0.12019,0.30713,2.3637759017651573e-06
15340,4,0.26899,0.13273,0.27253,2.2870299309286236e-06
15360,4,0.33509,0.20524,0.2597,2.2102839600920967e-06
15380,4,0.28405,0.0942,0.37971,2.133537989255563e-06
15400,4,0.25369,0.12562,0.25614,2.0567920184190357e-06
15420,4,0.16882,0.05567,0.22631,1.9800460475825024e-06
15440,4,0.23886,0.09057,0.29658,1.9033000767459685e-06
15460,4,0.12486,0.04272,0.16429,1.8265541059094416e-06
15480,4,0.28997,0.14339,0.29317,1.7498081350729079e-06
15500,4,0.27591,0.0928,0.36623,1.6730621642363807e-06
15520,4,0.19479,0.09549,0.19861,1.596316193399847e-06
15540,4,0.22394,0.07789,0.2921,1.5195702225633135e-06
15560,4,0.24473,0.09773,0.29399,1.4428242517267864e-06
15580,4,0.25809,0.12229,0.27161,1.3660782808902527e-06
15600,4,0.27393,0.09996,0.34795,1.289332310053719e-06
15620,4,0.35381,0.16716,0.3733,1.212586339217192e-06
15640,4,0.28028,0.13349,0.29358,1.1358403683806584e-06
15660,4,0.22461,0.10356,0.24209,1.0590943975441315e-06
15680,4,0.2878,0.14497,0.28566,9.823484267075978e-07
15700,4,0.25213,0.13274,0.23877,9.056024558710641e-07
15720,4,0.17536,0.07212,0.20648,8.288564850345371e-07
15740,4,0.26591,0.10534,0.32114,7.521105141980034e-07
15760,4,0.2724,0.12665,0.2915,6.753645433614763e-07
15780,4,0.23447,0.09607,0.2768,5.986185725249426e-07
15800,4,0.22544,0.10201,0.24685,5.21872601688409e-07
15820,4,0.19924,0.0872,0.22409,4.4512663085188197e-07
15840,4,0.16318,0.06467,0.19701,3.683806600153483e-07
15860,4,0.30947,0.10945,0.40004,2.916346891788213e-07
15880,4,0.24279,0.12098,0.24361,2.1488871834228762e-07
15900,4,0.2856,0.17042,0.23035,1.3814274750575395e-07
15920,4,0.60224,0.46416,0.27615,6.139677666922694e-08
